experiment,t_sec,ok,http5xx,http403,err,inflight,event,platform
exp_failopen,1,72,0,0,0,50,,linux_x86_64
exp_failopen,2,7,0,0,0,50,,linux_x86_64
exp_failopen,3,0,0,0,0,50,,linux_x86_64
exp_failopen,4,0,0,0,0,50,,linux_x86_64
exp_failopen,5,50,0,0,0,50,,linux_x86_64
exp_failopen,6,0,0,0,0,50,,linux_x86_64
exp_failopen,7,6,0,0,0,50,,linux_x86_64
exp_failopen,8,0,0,0,0,50,,linux_x86_64
exp_failopen,9,52,0,0,0,50,,linux_x86_64
exp_failopen,10,0,0,0,0,50,,linux_x86_64
exp_failopen,11,16,0,0,0,50,,linux_x86_64
exp_failopen,12,0,0,0,0,50,,linux_x86_64
exp_failopen,13,43,0,0,0,50,,linux_x86_64
exp_failopen,14,0,0,0,0,50,,linux_x86_64
exp_failopen,15,22,0,0,0,50,,linux_x86_64
exp_failopen,16,0,0,0,0,50,,linux_x86_64
exp_failopen,17,20,0,0,0,50,,linux_x86_64
exp_failopen,18,0,0,0,0,50,,linux_x86_64
exp_failopen,19,53,0,0,0,50,,linux_x86_64
exp_failopen,20,0,0,0,0,50,,linux_x86_64
exp_failopen,21,10,0,0,0,50,,linux_x86_64
exp_failopen,22,0,0,0,0,50,,linux_x86_64
exp_failopen,23,50,0,0,0,50,,linux_x86_64
exp_failopen,24,0,0,0,0,50,,linux_x86_64
exp_failopen,25,4,0,0,0,50,,linux_x86_64
exp_failopen,26,0,0,0,0,50,,linux_x86_64
exp_failopen,27,51,0,0,0,50,,linux_x86_64
exp_failopen,28,0,0,0,0,50,,linux_x86_64
exp_failopen,29,13,0,0,0,50,,linux_x86_64
exp_failopen,30,0,0,0,0,50,PEERS_STOPPED,linux_x86_64
exp_failopen,31,0,0,0,0,50,,linux_x86_64
exp_failopen,32,23,0,0,0,50,,linux_x86_64
exp_failopen,33,12,0,0,0,50,,linux_x86_64
exp_failopen,34,10,0,0,0,50,,linux_x86_64
exp_failopen,35,21,0,0,0,50,,linux_x86_64
exp_failopen,36,17,0,0,0,50,,linux_x86_64
exp_failopen,37,11,0,0,0,50,,linux_x86_64
exp_failopen,38,14,0,0,0,50,,linux_x86_64
exp_failopen,39,25,0,0,0,50,,linux_x86_64
exp_failopen,40,8,0,0,0,50,,linux_x86_64
exp_failopen,41,12,0,0,0,50,,linux_x86_64
exp_failopen,42,16,0,0,0,50,,linux_x86_64
exp_failopen,43,18,0,0,0,50,,linux_x86_64
exp_failopen,44,9,0,0,0,50,,linux_x86_64
exp_failopen,45,29,0,0,0,50,,linux_x86_64
exp_failopen,46,10,0,0,0,50,,linux_x86_64
exp_failopen,47,3,0,0,0,50,,linux_x86_64
exp_failopen,48,18,0,0,0,50,,linux_x86_64
exp_failopen,49,21,0,0,0,50,,linux_x86_64
exp_failopen,50,10,0,0,0,50,,linux_x86_64
exp_failopen,51,20,0,0,0,50,,linux_x86_64
exp_failopen,52,10,0,0,0,50,,linux_x86_64
exp_failopen,53,16,0,0,0,50,,linux_x86_64
exp_failopen,54,18,0,0,0,50,,linux_x86_64
exp_failopen,55,12,0,0,0,50,,linux_x86_64
exp_failopen,56,15,0,0,0,50,,linux_x86_64
exp_failopen,57,19,0,0,0,50,,linux_x86_64
exp_failopen,58,14,0,0,0,50,,linux_x86_64
exp_failopen,59,11,0,0,0,50,,linux_x86_64
exp_failopen,60,20,0,0,0,50,,linux_x86_64
exp_failopen,61,10,0,0,0,50,,linux_x86_64
exp_failopen,62,24,0,0,0,50,,linux_x86_64
exp_failopen,63,8,0,0,0,50,,linux_x86_64
exp_failopen,64,11,0,0,0,50,,linux_x86_64
exp_failopen,65,24,0,0,0,50,,linux_x86_64
exp_failopen,66,14,0,0,0,50,,linux_x86_64
exp_failopen,67,7,0,0,0,50,,linux_x86_64
exp_failopen,68,28,0,0,0,50,,linux_x86_64
exp_failopen,69,11,0,0,0,50,,linux_x86_64
exp_failopen,70,9,0,0,0,50,,linux_x86_64
exp_failopen,71,19,0,0,0,50,,linux_x86_64
exp_failopen,72,14,0,0,0,50,,linux_x86_64
exp_failopen,73,16,0,0,0,50,,linux_x86_64
exp_failopen,74,12,0,0,0,50,,linux_x86_64
exp_failopen,75,16,0,0,0,50,PEERS_STARTED,linux_x86_64
exp_failopen,76,14,0,0,0,50,,linux_x86_64
exp_failopen,77,22,0,0,0,50,,linux_x86_64
exp_failopen,78,10,0,0,0,50,,linux_x86_64
exp_failopen,79,18,0,0,0,50,,linux_x86_64
exp_failopen,80,10,0,0,0,50,,linux_x86_64
exp_failopen,81,17,0,0,0,50,,linux_x86_64
exp_failopen,82,18,0,0,0,50,,linux_x86_64
exp_failopen,83,18,0,0,0,50,,linux_x86_64
exp_failopen,84,13,0,0,0,50,,linux_x86_64
exp_failopen,85,11,0,0,0,50,,linux_x86_64
exp_failopen,86,15,0,0,0,50,,linux_x86_64
exp_failopen,87,8,0,0,0,50,,linux_x86_64
exp_failopen,88,36,0,0,0,50,,linux_x86_64
exp_failopen,89,11,0,0,0,50,,linux_x86_64
exp_failopen,90,1,0,0,0,50,,linux_x86_64
exp_failopen,91,25,0,0,0,50,,linux_x86_64
exp_failopen,92,11,0,0,0,50,,linux_x86_64
exp_failopen,93,15,0,0,0,50,,linux_x86_64
exp_failopen,94,13,0,0,0,50,,linux_x86_64
exp_failopen,95,20,0,0,0,50,,linux_x86_64
exp_failopen,96,9,0,0,0,50,,linux_x86_64
exp_failopen,97,19,0,0,0,50,,linux_x86_64
exp_failopen,98,10,0,0,0,50,,linux_x86_64
exp_failopen,99,19,0,0,0,50,,linux_x86_64
exp_failopen,100,15,0,0,0,50,,linux_x86_64
exp_failopen,101,22,0,0,0,50,,linux_x86_64
exp_failopen,102,7,0,0,0,50,,linux_x86_64
exp_failopen,103,16,0,0,0,50,,linux_x86_64
exp_failopen,104,30,0,0,0,50,,linux_x86_64
exp_failopen,105,11,0,0,0,50,,linux_x86_64
exp_failopen,106,38,0,0,0,50,,linux_x86_64
exp_failopen,107,12,0,0,0,50,,linux_x86_64
exp_failopen,108,55,0,0,0,50,,linux_x86_64
exp_failopen,109,4,0,0,0,50,,linux_x86_64
exp_failopen,110,52,0,0,0,50,,linux_x86_64
exp_failopen,111,0,0,0,0,50,,linux_x86_64
exp_failopen,112,53,0,0,0,50,,linux_x86_64
exp_failopen,113,13,0,0,0,50,,linux_x86_64
exp_failopen,114,54,0,0,0,50,,linux_x86_64
exp_failopen,115,7,0,0,0,50,,linux_x86_64
exp_failopen,116,47,0,0,0,50,,linux_x86_64
exp_failopen,117,14,0,0,0,50,,linux_x86_64
exp_failopen,118,43,0,0,0,50,,linux_x86_64
exp_failopen,119,20,0,0,0,50,,linux_x86_64
exp_failopen,120,52,0,0,0,50,,linux_x86_64
exp_failopen,121,3,0,0,0,50,,linux_x86_64
exp_failopen,122,52,0,0,0,50,,linux_x86_64
exp_failopen,123,12,0,0,0,50,,linux_x86_64
exp_failopen,124,49,0,0,0,50,,linux_x86_64
exp_failopen,125,0,0,0,0,50,,linux_x86_64
exp_failopen,126,7,0,0,0,50,,linux_x86_64
exp_failopen,127,0,0,0,0,50,,linux_x86_64
exp_failopen,128,52,0,0,0,50,,linux_x86_64
exp_failopen,129,0,0,0,0,50,,linux_x86_64
exp_failopen,130,11,0,0,0,50,,linux_x86_64
exp_failopen,131,0,0,0,0,50,,linux_x86_64
exp_failopen,132,46,0,0,0,50,,linux_x86_64
exp_failopen,133,0,0,0,0,50,,linux_x86_64
exp_failopen,134,20,0,0,0,50,,linux_x86_64
exp_failopen,135,0,0,0,0,50,,linux_x86_64
exp_failopen,136,4,0,0,0,50,,linux_x86_64
exp_failopen,137,46,0,0,0,50,,linux_x86_64
exp_failopen,138,0,0,0,0,50,,linux_x86_64
exp_failopen,139,9,0,0,0,50,,linux_x86_64
exp_failopen,140,0,0,0,0,50,,linux_x86_64
exp_failopen,141,46,0,0,0,50,,linux_x86_64
exp_failopen,142,0,0,0,0,50,,linux_x86_64
exp_failopen,143,12,0,0,0,50,,linux_x86_64
exp_failopen,144,0,0,0,0,50,,linux_x86_64
exp_failopen,145,50,0,0,0,50,,linux_x86_64
exp_failopen,146,0,0,0,0,50,,linux_x86_64
exp_failopen,147,5,0,0,0,50,,linux_x86_64
exp_failopen,148,0,0,0,0,50,,linux_x86_64
exp_failopen,149,49,0,0,0,50,,linux_x86_64
exp_failopen,150,0,0,0,0,50,,linux_x86_64
